en,review_times,correct_times,avg_correct_rate,avg_elapsed_time,total_elapsed_time
repository,1,1,1.0,196.54,196.54
imperil,6,3,0.5,89.07,534.4399999999998
override,7,7,1.0,61.98,433.87
temporal,2,2,1.0,55.92,111.84
craven,1,0,0.0,50.04,50.04
undertaking,4,3,0.75,35.6,142.38000000000005
apocryphal,9,4,0.44,35.24,317.18
slumber,1,1,1.0,34.16,34.16
skittish,1,1,1.0,33.92,33.92
disavow,1,1,1.0,31.56,31.56
petulant,3,3,1.0,31.38,94.14
distend,10,8,0.8,29.36,293.57
sterling,1,1,1.0,28.72,28.72
phlegmatic,5,2,0.4,27.92,139.62
impervious,2,2,1.0,26.6,53.19
palliative,4,4,1.0,23.65,94.59
pertinacity,7,5,0.71,23.13,161.93000000000006
reverberant,9,8,0.89,21.65,194.87
indigent,9,6,0.67,20.54,184.83
idolatrize,2,2,1.0,20.3,40.59
acquisitive,1,1,1.0,19.04,19.04
confer,2,2,1.0,18.89,37.77
adherent,1,0,0.0,18.79,18.79
ingrate,11,6,0.55,18.41,202.46
demonstrable,1,1,1.0,18.38,18.38
comity,2,2,1.0,18.25,36.5
demur,2,2,1.0,17.67,35.34
posterity,9,8,0.89,17.63,158.62999999999997
rumination,1,1,1.0,17.33,17.33
abjure,3,3,1.0,17.29,51.87
sporadic,3,3,1.0,17.09,51.26
redolent,10,9,0.9,16.92,169.15999999999994
dismissal,2,2,1.0,16.84,33.69
perquisite,7,5,0.71,16.74,117.2
propensity,2,2,1.0,16.69,33.379999999999995
contumacious,8,5,0.62,16.42,131.32999999999998
animadvert,2,2,1.0,16.4,32.800000000000004
exterminate,1,0,0.0,16.33,16.33
affiliation,3,2,0.67,16.21,48.64
debilitate,1,1,1.0,16.08,16.08
connive,1,1,1.0,15.96,15.96
intemperance,2,2,1.0,15.8,31.6
bearing,2,1,0.5,15.78,31.56
consonant,1,1,1.0,15.55,15.55
insubstantial,6,5,0.83,15.4,92.43
mnemonics,5,4,0.8,15.31,76.57000000000002
forage,3,3,1.0,15.31,45.92
provocative,2,2,1.0,15.31,30.62
prevaricate,1,1,1.0,15.24,15.24
fathom,1,1,1.0,15.14,15.14
provenance,2,1,0.5,14.92,29.84
demarcate,4,4,1.0,14.86,59.43
disintegrate,1,1,1.0,14.69,14.69
impermanent,2,2,1.0,14.52,29.04
peremptory,5,2,0.4,14.49,72.47
blight,7,6,0.86,14.49,101.43
malapropism,2,2,1.0,14.46,28.91
imbue,7,6,0.86,14.33,100.29000000000003
inveigle,9,4,0.44,14.29,128.61
superfluous,3,3,1.0,14.24,42.71
debrief,4,3,0.75,14.09,56.36
physiological,1,1,1.0,14.03,14.03
desultory,8,4,0.5,14.01,112.07
dissimulate,12,8,0.67,13.98,167.80000000000004
equable,1,1,1.0,13.94,13.94
prefigure,1,1,1.0,13.84,13.84
paltry,2,2,1.0,13.83,27.66
equitable,2,2,1.0,13.69,27.38000000000001
inferable from,2,1,0.5,13.64,27.28
defuse,10,3,0.3,13.48,134.8
digressive,2,2,1.0,13.41,26.82
diatribe,2,2,1.0,13.16,26.31
metamorphose,1,1,1.0,12.99,12.99
eminent,2,2,1.0,12.96,25.93
innocuous,3,3,1.0,12.86,38.58
puerile,2,2,1.0,12.82,25.65
exonerate,5,5,1.0,12.6,62.99
evocative,4,3,0.75,12.59,50.36
poignant,5,4,0.8,12.56,62.78
bourgeois,8,7,0.88,12.48,99.81
perceptive,1,1,1.0,12.44,12.44
obligatory,9,7,0.78,12.39,111.52
contiguous,2,2,1.0,12.31,24.62
adumbrate,8,4,0.5,12.13,97.04000000000002
unflappable,1,1,1.0,12.12,12.12
penitential,7,0,0.0,12.11,84.75999999999998
fraught,4,1,0.25,12.09,48.36
amenable,2,0,0.0,11.94,23.88
negligent,3,3,1.0,11.9,35.7
profusion,1,1,1.0,11.89,11.89
unconscionable,10,8,0.8,11.81,118.07000000000002
imitative,3,3,1.0,11.81,35.42
demoralize,3,3,1.0,11.69,35.06
excavate,2,2,1.0,11.69,23.38000000000001
providential,3,3,1.0,11.64,34.92
vestige,11,8,0.73,11.63,127.91999999999999
venal,11,9,0.82,11.56,127.2
illiberal,7,5,0.71,11.47,80.29
tonic,2,1,0.5,11.42,22.83
quandary,7,3,0.43,11.4,79.82
apocalypse,8,7,0.88,11.39,91.13
objurgate,5,4,0.8,11.37,56.84000000000002
demean,2,1,0.5,11.34,22.68
extenuate,2,2,1.0,11.33,22.66
anonymity,3,3,1.0,11.32,33.96
prophylactic,12,10,0.83,11.2,134.45000000000002
illustrative,1,1,1.0,11.2,11.2
imposter,8,6,0.75,11.17,89.37
locomotive,7,6,0.86,11.17,78.17000000000003
inscrutable,6,5,0.83,11.08,66.51
archetypal,2,1,0.5,11.02,22.04
tedious,6,5,0.83,10.98,65.86999999999999
nominal,1,1,1.0,10.89,10.89
perspicacious,5,1,0.2,10.83,54.15000000000001
delinquent,1,0,0.0,10.82,10.82
apparel,7,6,0.86,10.8,75.59
servile,1,1,1.0,10.79,10.79
ridicule,1,1,1.0,10.73,10.73
pedantic,6,5,0.83,10.72,64.33
censorious,1,1,1.0,10.67,10.67
scathing,1,1,1.0,10.62,10.62
ancestry,2,2,1.0,10.62,21.24
beneficent,4,3,0.75,10.59,42.36
inexorable,3,3,1.0,10.59,31.76
unwittingly,2,1,0.5,10.56,21.11
revolt,9,7,0.78,10.56,95.04
colossal,4,2,0.5,10.44,41.78
meretricious,1,1,1.0,10.44,10.44
deterrent,2,2,1.0,10.42,20.83
nondescript,8,6,0.75,10.38,83.01000000000002
consummate,8,6,0.75,10.37,82.98
enduring,1,1,1.0,10.37,10.37
coup,3,0,0.0,10.36,31.08
secrete,1,1,1.0,10.31,10.31
demystify,3,3,1.0,10.3,30.89
incentive,1,1,1.0,10.25,10.25
paradox,2,2,1.0,10.25,20.5
moderate,1,1,1.0,10.24,10.24
overarching,3,2,0.67,10.22,30.67
augur,8,6,0.75,10.21,81.66
inordinate,11,9,0.82,10.2,112.2
sophistry,11,10,0.91,10.17,111.83
burgeoning,9,8,0.89,10.12,91.08
abysmal,10,6,0.6,10.08,100.75999999999998
baffle,1,1,1.0,10.07,10.07
discretionary,3,3,1.0,10.07,30.21
clannish,4,2,0.5,10.05,40.20000000000001
begrudging,11,5,0.45,10.04,110.49
vanquish,1,1,1.0,9.98,9.98
unscathed,1,1,1.0,9.96,9.96
inopportune,1,1,1.0,9.96,9.96
presume,2,2,1.0,9.94,19.89
fictitious,1,1,1.0,9.93,9.93
lull,2,2,1.0,9.86,19.72
felicitous,8,7,0.88,9.83,78.65
proselytize,7,5,0.71,9.81,68.68
resplendent,3,2,0.67,9.79,29.38000000000001
vicissitude,8,6,0.75,9.77,78.13
truncated,1,1,1.0,9.76,9.76
slapdash,5,2,0.4,9.74,48.71000000000002
unfathomable,2,2,1.0,9.74,19.48
subdue,2,1,0.5,9.66,19.32
omnipotent,1,1,1.0,9.66,9.66
invective,8,4,0.5,9.65,77.17
stoop,8,5,0.62,9.64,77.11999999999998
philistine,6,5,0.83,9.62,57.73
efficacious,1,0,0.0,9.61,9.61
celerity,4,4,1.0,9.61,38.44000000000001
parochial,3,3,1.0,9.59,28.78
preponderate,10,6,0.6,9.57,95.69000000000003
esoteric,6,6,1.0,9.57,57.4
impertinent,3,3,1.0,9.55,28.640000000000004
adversity,2,2,1.0,9.52,19.04
predisposition,3,3,1.0,9.49,28.480000000000004
devolve,10,9,0.9,9.44,94.39000000000004
remiss,7,3,0.43,9.43,65.99000000000001
reminisce,3,3,1.0,9.41,28.24
apparition,6,5,0.83,9.4,56.38
extirpate,6,5,0.83,9.32,55.91000000000001
initiative,8,7,0.88,9.32,74.57
detection,1,1,1.0,9.25,9.25
gripping,7,6,0.86,9.19,64.31
desolate,6,2,0.33,9.16,54.94000000000001
shading,3,1,0.33,9.16,27.47
foil,9,5,0.56,9.15,82.34
reconnaissance,12,6,0.5,9.14,109.74
unwieldly,9,8,0.89,9.14,82.22
oblique,10,8,0.8,9.13,91.30000000000004
volatile,3,2,0.67,9.12,27.37
rehash,6,5,0.83,9.11,54.68
transience,5,4,0.8,9.09,45.43
oblivious,3,3,1.0,9.05,27.15
modulate,8,7,0.88,9.02,72.17000000000002
quixotic,2,2,1.0,9.02,18.05
abject,6,5,0.83,9.01,54.08
ordinance,1,1,1.0,9.01,9.01
disconsolate,4,4,1.0,8.98,35.92
asseverate,2,2,1.0,8.96,17.92
respect,1,1,1.0,8.96,8.96
remonstrance,10,8,0.8,8.94,89.45
soporific,9,7,0.78,8.89,79.98
nostrum,1,1,1.0,8.87,8.87
dextrous,4,4,1.0,8.85,35.39
sectarianism,9,7,0.78,8.8,79.19000000000001
anatomical,1,1,1.0,8.76,8.76
couch,3,2,0.67,8.75,26.26000000000001
aghast,1,1,1.0,8.75,8.75
absolve,11,6,0.55,8.74,96.11
perfidious,1,1,1.0,8.74,8.74
sentiment,1,1,1.0,8.7,8.7
inveterate,4,4,1.0,8.69,34.76
inveterate,4,4,1.0,8.69,34.76
palpable,3,3,1.0,8.67,26.00000000000001
proscribe,1,1,1.0,8.65,8.65
pernicious,3,3,1.0,8.65,25.96
blatant,8,5,0.62,8.64,69.08
hazardous,1,1,1.0,8.63,8.63
bromidic,3,3,1.0,8.62,25.85
indict,2,2,1.0,8.62,17.25
aplomb,1,0,0.0,8.6,8.6
irrevocable,7,6,0.86,8.6,60.21000000000002
precarious,1,1,1.0,8.59,8.59
deplorable,1,1,1.0,8.58,8.58
mendacity,13,12,0.92,8.57,111.39
convection,12,10,0.83,8.56,102.72
implausible,1,1,1.0,8.56,8.56
monolithic,6,4,0.67,8.52,51.11
estimable,4,3,0.75,8.51,34.03
flagged,1,1,1.0,8.5,8.5
malefactor,5,4,0.8,8.45,42.23
typify,11,10,0.91,8.44,92.87999999999998
imperious,11,11,1.0,8.43,92.76999999999997
imperious,11,11,1.0,8.43,92.76999999999997
invigorate,3,2,0.67,8.38,25.13000000000001
factotum,8,6,0.75,8.38,67.01000000000002
sedulous,3,3,1.0,8.33,24.99
impulse,4,4,1.0,8.3,33.21
afflict,4,4,1.0,8.3,33.22
aspersion,2,2,1.0,8.29,16.580000000000002
rein,6,4,0.67,8.28,49.71
amnesia,5,5,1.0,8.25,41.25
inure,10,7,0.7,8.24,82.37
devious,2,2,1.0,8.24,16.48
soliloguy,9,7,0.78,8.23,74.03000000000002
centrifugal,2,2,1.0,8.2,16.4
appall,2,2,1.0,8.19,16.38
emanate,3,2,0.67,8.18,24.53
asperity,2,2,1.0,8.18,16.35
irreconcilable,2,2,1.0,8.18,16.35
reclaim,3,3,1.0,8.16,24.47
exempt,4,3,0.75,8.15,32.61
intermittent,4,4,1.0,8.1,32.4
iniquitous,1,1,1.0,8.1,8.1
stanch,5,4,0.8,8.09,40.46
ignominious,2,2,1.0,8.09,16.18
aphorism,1,1,1.0,8.06,8.06
dejected,7,6,0.86,8.04,56.25
placid,4,4,1.0,8.04,32.18
procure,1,1,1.0,8.02,8.02
impregnable,8,7,0.88,8.01,64.10000000000002
incisive,6,6,1.0,8.0,47.98
genome,2,2,1.0,8.0,16.0
slake,9,6,0.67,7.99,71.87
incommensurate,1,1,1.0,7.96,7.96
miscreant,6,4,0.67,7.95,47.7
intoxicate,6,5,0.83,7.95,47.68
churlish,2,2,1.0,7.92,15.83
cynosure,12,10,0.83,7.9,94.81
anomalous,3,3,1.0,7.9,23.71
sardonic,10,8,0.8,7.87,78.74
perverse,8,7,0.88,7.86,62.89
dissemble,2,2,1.0,7.83,15.669999999999998
aloof,1,1,1.0,7.82,7.82
delusive,2,1,0.5,7.81,15.62
oracular,4,4,1.0,7.8,31.18
repercussion,9,6,0.67,7.74,69.69
divulge,3,2,0.67,7.71,23.12
didactic,4,4,1.0,7.71,30.83
testament,1,1,1.0,7.69,7.69
haphazard,2,2,1.0,7.66,15.31
peccadillo,1,1,1.0,7.63,7.63
privy,2,0,0.0,7.62,15.23
malinger,10,9,0.9,7.61,76.11
entreat,1,1,1.0,7.61,7.61
staggering,4,2,0.5,7.6,30.380000000000003
snub,8,5,0.62,7.54,60.280000000000015
germinate,3,3,1.0,7.51,22.520000000000003
specious,2,2,1.0,7.51,15.02
receptive,10,5,0.5,7.5,74.95000000000002
schematic,6,5,0.83,7.5,44.98
ephemeral,1,1,1.0,7.49,7.49
monomania,7,7,1.0,7.47,52.31999999999999
tangential,1,1,1.0,7.47,7.47
bounteous,2,2,1.0,7.46,14.93
delude,2,2,1.0,7.42,14.84
mandate,3,3,1.0,7.42,22.27
carnivorous,3,3,1.0,7.41,22.23
perpetuate,4,4,1.0,7.4,29.600000000000005
fungible,7,5,0.71,7.38,51.68000000000001
perspicuous,2,2,1.0,7.38,14.77
optimistic,3,3,1.0,7.37,22.11
occult,7,6,0.86,7.35,51.46
finesse,8,7,0.88,7.34,58.7
consign,6,3,0.5,7.3,43.83
flabbergast,5,5,1.0,7.29,36.43
obfuscate,3,3,1.0,7.29,21.86
propitious,2,2,1.0,7.28,14.55
forebode,2,2,1.0,7.27,14.54
fanatical,11,10,0.91,7.26,79.86
captivate,4,4,1.0,7.24,28.95000000000001
sedative,8,5,0.62,7.2,57.59
tumultuous,1,1,1.0,7.2,7.2
empathy,1,1,1.0,7.2,7.2
muddle,3,3,1.0,7.19,21.56
obsequious,2,2,1.0,7.16,14.33
dissipate,1,1,1.0,7.16,7.16
sumptuous,2,2,1.0,7.16,14.33
disparate,4,4,1.0,7.12,28.46
disingenuous,2,2,1.0,7.12,14.23
despotic,7,5,0.71,7.11,49.790000000000006
gauge,2,0,0.0,7.09,14.170000000000002
predicament,3,3,1.0,7.09,21.26
imperial,8,7,0.88,7.05,56.400000000000006
derogate,1,1,1.0,7.03,7.03
subservient,6,5,0.83,7.02,42.13
impromptu,8,7,0.88,7.02,56.15
hedonistic,1,1,1.0,7.01,7.01
barrage,8,6,0.75,7.0,56.03000000000002
atrophy,2,2,1.0,7.0,14.0
assiduous,2,2,1.0,6.99,13.98
prolix,5,5,1.0,6.98,34.910000000000004
invert,3,3,1.0,6.98,20.93
cerebral,5,4,0.8,6.97,34.83
falsification,2,2,1.0,6.96,13.91
scourge,5,2,0.4,6.95,34.74
genial,2,1,0.5,6.95,13.9
purport,8,7,0.88,6.94,55.54
discredit,2,2,1.0,6.94,13.87
backfire,4,4,1.0,6.92,27.67
solicit,2,2,1.0,6.92,13.83
umbrage,7,6,0.86,6.89,48.26
incontrovertible,2,2,1.0,6.89,13.78
innovative,2,2,1.0,6.89,13.78
consternation,10,9,0.9,6.87,68.66000000000001
inalienable,11,10,0.91,6.87,75.62000000000002
timorous,1,1,1.0,6.87,6.87
ethos,2,2,1.0,6.82,13.63
aqueous,1,1,1.0,6.79,6.79
illustrious,6,6,1.0,6.78,40.66
outgrowth,5,4,0.8,6.77,33.86000000000001
conceited,8,4,0.5,6.76,54.05000000000001
vainglorious,9,7,0.78,6.76,60.87000000000001
requiem,6,5,0.83,6.74,40.46
inadvertent,1,1,1.0,6.74,6.74
measured,1,1,1.0,6.74,6.74
inscription,1,1,1.0,6.73,6.73
attune,2,2,1.0,6.72,13.44
recant,1,1,1.0,6.71,6.71
gripe,4,3,0.75,6.68,26.71
resonant,4,4,1.0,6.68,26.72
overblown,2,2,1.0,6.66,13.32
incipient,1,1,1.0,6.65,6.65
vitriol,8,6,0.75,6.64,53.11
probity,1,1,1.0,6.64,6.64
berate,2,2,1.0,6.64,13.27
duplicitous,3,3,1.0,6.64,19.92
prominent,5,5,1.0,6.63,33.16
myopia,3,3,1.0,6.63,19.89
lucubration,6,5,0.83,6.62,39.74
magnitude,4,4,1.0,6.62,26.48
obstrusive,4,4,1.0,6.62,26.46
list,2,2,1.0,6.61,13.22
parsimonious,3,3,1.0,6.61,19.84
quotidian,3,3,1.0,6.6,19.79
reminiscent,12,10,0.83,6.59,79.03000000000002
mawkish,3,3,1.0,6.58,19.74
prescient,2,2,1.0,6.58,13.15
pending,2,2,1.0,6.58,13.16
viable,3,3,1.0,6.54,19.62
preeminent,1,1,1.0,6.54,6.54
facility,1,1,1.0,6.54,6.54
mystification,2,2,1.0,6.53,13.06
demise,1,1,1.0,6.52,6.52
ludicrous,1,1,1.0,6.51,6.51
deprave,3,2,0.67,6.5,19.5
compassionate,2,2,1.0,6.5,12.99
luminary,4,4,1.0,6.48,25.94
pathos,1,1,1.0,6.48,6.48
obeisance,3,3,1.0,6.48,19.45
balk,1,1,1.0,6.45,6.45
exactitude,2,2,1.0,6.44,12.89
repugnant,3,3,1.0,6.43,19.29
succinct,1,1,1.0,6.43,6.43
exiguous,12,10,0.83,6.42,77.03
patriarchal,1,1,1.0,6.39,6.39
petrify,4,3,0.75,6.35,25.4
remarkable,3,3,1.0,6.33,18.99
incorrigible,10,8,0.8,6.31,63.08000000000001
revitalize,5,5,1.0,6.31,31.570000000000004
transitional,4,4,1.0,6.31,25.24
conceivable,9,8,0.89,6.3,56.66
commiserate,4,4,1.0,6.3,25.219999999999995
intermediary,6,5,0.83,6.28,37.67
ideology,1,1,1.0,6.28,6.28
dismiss,2,2,1.0,6.28,12.56
convert,5,5,1.0,6.27,31.34
scintillating,3,3,1.0,6.26,18.78
pigeonhole,8,6,0.75,6.23,49.81
serendipitous,4,4,1.0,6.23,24.93
ascetic,5,5,1.0,6.22,31.08
encapsulate,2,2,1.0,6.21,12.42
limpid,10,7,0.7,6.2,62.01000000000001
contrive,3,3,1.0,6.2,18.6
grandiloquence,6,6,1.0,6.2,37.2
upheaval,2,2,1.0,6.17,12.34
instructive,2,2,1.0,6.16,12.33
affable,5,5,1.0,6.16,30.81
integral,2,2,1.0,6.16,12.31
halfhearted,2,2,1.0,6.16,12.329999999999998
sartorial,3,2,0.67,6.13,18.4
cliquish,1,1,1.0,6.12,6.12
untenable,14,12,0.86,6.1,85.33
egregious,3,3,1.0,6.1,18.3
surfeit,2,2,1.0,6.08,12.17
erroneous,2,2,1.0,6.07,12.14
confidant,5,5,1.0,6.03,30.16000000000001
univocal,1,1,1.0,6.03,6.03
magnanimous,6,5,0.83,6.0,35.99
hunch,9,8,0.89,5.99,53.91000000000001
pathological,3,3,1.0,5.99,17.96
antipathy,2,2,1.0,5.99,11.98
misnomer,2,2,1.0,5.98,11.96
n. 燃燒彈，縱火犯,1,1,1.0,5.98,5.98
ingenuous,3,3,1.0,5.98,17.95
ancillary,2,2,1.0,5.96,11.92
unremitting,1,1,1.0,5.95,5.95
incumbent,1,0,0.0,5.94,5.94
facetious,5,5,1.0,5.94,29.7
anneal,10,8,0.8,5.93,59.33000000000001
picturesque,2,2,1.0,5.92,11.83
wont,3,3,1.0,5.91,17.73
inhumane,4,4,1.0,5.9,23.6
decorum,1,1,1.0,5.9,5.9
politic,1,1,1.0,5.89,5.89
lingering,5,4,0.8,5.88,29.38000000000001
wanting,1,1,1.0,5.88,5.88
provisional,3,3,1.0,5.86,17.57
provisional,3,3,1.0,5.86,17.57
acrimonious,3,3,1.0,5.86,17.57
accuse,2,2,1.0,5.86,11.71
convoluted,2,2,1.0,5.86,11.73
heterogeneous,7,6,0.86,5.85,40.96
observant,2,2,1.0,5.84,11.67
synoptic,4,4,1.0,5.82,23.29
extrapolate,2,2,1.0,5.82,11.63
flippant,15,14,0.93,5.81,87.18999999999998
discreet,2,2,1.0,5.8,11.6
circumlocutory,1,1,1.0,5.8,5.8
insolent,4,4,1.0,5.79,23.15
conciliatory,2,2,1.0,5.78,11.56
mute,3,3,1.0,5.78,17.33
fallibility,2,2,1.0,5.78,11.56
interminable,2,2,1.0,5.76,11.52
explicit,5,4,0.8,5.75,28.74
chromatic,1,1,1.0,5.75,5.75
uncanny,5,4,0.8,5.74,28.71
tepid,5,5,1.0,5.71,28.57
aggravate,1,1,1.0,5.71,5.71
byline,1,1,1.0,5.71,5.71
industrious,2,2,1.0,5.7,11.4
preliminary,2,2,1.0,5.69,11.38
benediction,11,10,0.91,5.68,62.5
forthright,2,2,1.0,5.68,11.36
adamant,7,6,0.86,5.67,39.7
inflict,1,1,1.0,5.67,5.67
sequacious,3,3,1.0,5.65,16.94
appropriate,2,2,1.0,5.64,11.28
circumlocution,2,2,1.0,5.64,11.27
rant,1,0,0.0,5.63,5.63
rationale,4,3,0.75,5.62,22.47
impending,1,1,1.0,5.62,5.62
heretical,2,2,1.0,5.62,11.24
seminal,2,2,1.0,5.62,11.23
imperceptible,3,3,1.0,5.62,16.85
deprecate,3,3,1.0,5.61,16.83
sophistication,5,5,1.0,5.59,27.93
scintillate,5,5,1.0,5.58,27.89
barricade,1,1,1.0,5.58,5.58
ambivalent,1,1,1.0,5.58,5.58
backbite,2,2,1.0,5.57,11.14
replete,2,2,1.0,5.56,11.11
expedient,3,3,1.0,5.56,16.67
brackish,13,11,0.85,5.55,72.14000000000003
august,4,4,1.0,5.55,22.19
unkempt,1,1,1.0,5.55,5.55
demonstrative,1,1,1.0,5.54,5.54
morbid,1,1,1.0,5.53,5.53
hamstring,8,7,0.88,5.5,44.0
foreordain,1,1,1.0,5.5,5.5
hauteur,5,4,0.8,5.49,27.47
squelch,4,4,1.0,5.49,21.95
detour,5,4,0.8,5.45,27.23
turbulent,5,5,1.0,5.44,27.21
condone,2,2,1.0,5.44,10.87
imprudent,1,1,1.0,5.44,5.44
decadence,2,2,1.0,5.44,10.87
suffice,7,6,0.86,5.43,37.99
opprobrious,3,2,0.67,5.41,16.22
humdrum,5,5,1.0,5.41,27.04
connotation,3,3,1.0,5.41,16.23
gainsay,4,4,1.0,5.41,21.63
inhibit,3,3,1.0,5.4,16.2
monochromatic,4,4,1.0,5.4,21.6
disproportionate,3,3,1.0,5.4,16.2
pervade,3,3,1.0,5.38,16.14
vengeance,1,1,1.0,5.37,5.37
welter,8,6,0.75,5.35,42.82
cede,4,4,1.0,5.35,21.4
habituate,2,2,1.0,5.34,10.67
vacuous,2,2,1.0,5.33,10.66
treatise,6,4,0.67,5.32,31.910000000000004
obsolescent,2,2,1.0,5.32,10.65
compatible,3,3,1.0,5.32,15.97
incite,1,1,1.0,5.3,5.3
personification,11,10,0.91,5.28,58.04000000000002
valorize,2,2,1.0,5.28,10.56
ostensible,2,2,1.0,5.28,10.57
extravagant,5,5,1.0,5.27,26.33
dismantle,12,10,0.83,5.26,63.11000000000002
histrionic,8,7,0.88,5.25,42.02
fitfully,6,4,0.67,5.24,31.44
contrite,3,3,1.0,5.23,15.68
sanction,3,3,1.0,5.22,15.67
pervasive,2,2,1.0,5.22,10.44
outlandish,6,4,0.67,5.2,31.19
disrupt,2,2,1.0,5.2,10.4
imperative,8,5,0.62,5.19,41.51
spiteful,7,6,0.86,5.19,36.31
canned,1,1,1.0,5.15,5.15
objection,1,1,1.0,5.13,5.13
guile,1,1,1.0,5.12,5.12
sovereign,7,6,0.86,5.11,35.78
deflect,3,3,1.0,5.11,15.34
flummox,10,8,0.8,5.09,50.91
atrocity,12,11,0.92,5.09,61.12000000000001
erratic,1,1,1.0,5.09,5.09
virtuosity,1,1,1.0,5.09,5.09
ebullient,3,2,0.67,5.08,15.240000000000002
errant,5,4,0.8,5.07,25.35
moralistic,2,2,1.0,5.07,10.14
awe-inspiring,2,2,1.0,5.07,10.13
eradicate,2,2,1.0,5.07,10.14
obtrude,3,3,1.0,5.06,15.170000000000002
endemic,2,2,1.0,5.06,10.12
aesthetic,2,2,1.0,5.05,10.1
animosity,3,3,1.0,5.04,15.11
mendacious,1,1,1.0,5.04,5.04
outstrip,1,1,1.0,5.02,5.02
vitality,2,2,1.0,5.01,10.02
exhilarate,2,2,1.0,5.0,10.0
glut,8,8,1.0,4.99,39.95
glut,8,8,1.0,4.99,39.95
generic,1,1,1.0,4.98,4.98
introspect,4,4,1.0,4.98,19.93
luxuriant,3,3,1.0,4.98,14.94
retrospective,4,4,1.0,4.98,19.91
respite,2,2,1.0,4.97,9.94
adj. 衰敗的、墮落的,2,2,1.0,4.96,9.91
coerce,2,2,1.0,4.96,9.91
dispatch,7,7,1.0,4.96,34.730000000000004
undercut,3,3,1.0,4.96,14.89
eulogize,2,2,1.0,4.95,9.9
trenchant,3,3,1.0,4.95,14.85
discrepancy,2,2,1.0,4.93,9.87
circuitous,3,3,1.0,4.93,14.79
submission,3,3,1.0,4.93,14.79
hew,12,11,0.92,4.92,59.02
awry,2,2,1.0,4.91,9.82
impulsive,10,9,0.9,4.9,48.96
insubordinate,8,7,0.88,4.89,39.10999999999999
prolific,2,2,1.0,4.88,9.75
hone,8,7,0.88,4.87,38.93
fabricate,2,2,1.0,4.87,9.74
portend,11,9,0.82,4.86,53.51000000000001
nonviable,3,3,1.0,4.85,14.56
heredity,10,9,0.9,4.84,48.37
agenda,6,6,1.0,4.84,29.01
calumny,2,2,1.0,4.84,9.68
gregarious,19,18,0.95,4.82,91.59999999999998
cognizance,1,1,1.0,4.82,4.82
peripheral,3,3,1.0,4.81,14.419999999999998
vacant,1,1,1.0,4.81,4.81
diffuse,1,1,1.0,4.81,4.81
enfetter,1,1,1.0,4.81,4.81
affinity,6,6,1.0,4.8,28.800000000000004
fraudulent,2,2,1.0,4.8,9.61
elusive,1,1,1.0,4.8,4.8
meditate,15,14,0.93,4.79,71.84
conscientious,1,1,1.0,4.79,4.79
malediction,1,1,1.0,4.79,4.79
reassure,1,1,1.0,4.79,4.79
surmise,9,7,0.78,4.78,43.04
fortify,2,2,1.0,4.78,9.57
defamatory,4,4,1.0,4.78,19.12
indigenous,2,2,1.0,4.78,9.56
cache,3,3,1.0,4.77,14.32
reciprocity,3,3,1.0,4.76,14.29
arcane,2,2,1.0,4.76,9.52
perfunctory,2,2,1.0,4.76,9.51
compelling,1,1,1.0,4.75,4.75
decipher,1,1,1.0,4.73,4.73
expansive,1,1,1.0,4.72,4.72
acquiesce,2,2,1.0,4.72,9.44
passivity,3,3,1.0,4.71,14.12
omniscient,5,5,1.0,4.71,23.55
detract,7,6,0.86,4.69,32.81
abhorrent,12,11,0.92,4.68,56.19
surmount,2,2,1.0,4.68,9.35
intractable,3,3,1.0,4.67,14.0
premeditate,1,1,1.0,4.67,4.67
profess,1,1,1.0,4.67,4.67
minatory,9,6,0.67,4.65,41.86
impetuous,10,9,0.9,4.65,46.52
profligate,3,3,1.0,4.65,13.96
genealogy,3,3,1.0,4.65,13.95
indulgent,2,2,1.0,4.64,9.27
philosophic,6,6,1.0,4.64,27.86
caustic,2,1,0.5,4.62,9.23
onerous,1,1,1.0,4.62,4.62
herbivorous,1,1,1.0,4.62,4.62
noisome,3,3,1.0,4.62,13.86
maneuver,2,2,1.0,4.61,9.21
oracle,3,3,1.0,4.61,13.83
snobbery,3,3,1.0,4.6,13.81
antidote,4,4,1.0,4.6,18.41
pronounced,1,1,1.0,4.59,4.59
shirk,9,7,0.78,4.57,41.100000000000016
artful,2,2,1.0,4.57,9.14
intangible,5,5,1.0,4.56,22.8
forsake,7,6,0.86,4.54,31.76
confess,14,13,0.93,4.54,63.5
peripatetic,1,1,1.0,4.54,4.54
bereft,1,1,1.0,4.53,4.53
undeserved,1,1,1.0,4.53,4.53
veracious,1,1,1.0,4.52,4.52
apprehend,8,8,1.0,4.51,36.040000000000006
mercurial,3,3,1.0,4.51,13.53
long-winded,2,2,1.0,4.51,9.010000000000002
buttress,2,2,1.0,4.5,9.0
occlude,2,2,1.0,4.5,8.99
pseudonym,4,4,1.0,4.5,18.02
detect,3,3,1.0,4.49,13.48
presumptuous,1,1,1.0,4.48,4.48
benefactor,3,3,1.0,4.46,13.37
precursor,2,2,1.0,4.46,8.92
futility,3,3,1.0,4.46,13.39
incessant,4,4,1.0,4.45,17.8
savor,5,5,1.0,4.45,22.26
virtual,1,1,1.0,4.45,4.45
mediocre,6,6,1.0,4.45,26.69
colloquial,6,5,0.83,4.44,26.63
ingratiate,3,3,1.0,4.44,13.31
sketchy,1,1,1.0,4.44,4.44
somnolent,2,2,1.0,4.44,8.870000000000003
vista,2,2,1.0,4.44,8.88
squander,1,1,1.0,4.44,4.44
absurd,3,3,1.0,4.43,13.28
commensurate,1,1,1.0,4.43,4.43
elaboration,2,2,1.0,4.43,8.87
recast,7,6,0.86,4.42,30.92
discourse,2,2,1.0,4.42,8.84
champion,5,5,1.0,4.42,22.09
profuse,1,1,1.0,4.4,4.4
hortative,2,2,1.0,4.4,8.8
explicable,1,1,1.0,4.4,4.4
demolish,14,13,0.93,4.39,61.48000000000002
n. 喜好；想像；幻想,1,1,1.0,4.39,4.39
analgesic,3,3,1.0,4.39,13.18
voracious,2,2,1.0,4.39,8.78
flummery,10,7,0.7,4.38,43.81
sacrosanct,1,1,1.0,4.38,4.38
baroque,2,2,1.0,4.38,8.77
entail,3,3,1.0,4.38,13.14
solitude,3,3,1.0,4.38,13.14
extraneous,5,5,1.0,4.38,21.92
lax,8,7,0.88,4.37,34.980000000000004
recapitulate,2,2,1.0,4.37,8.74
aristocrat,1,1,1.0,4.36,4.36
inflammatory,3,3,1.0,4.36,13.09
cult,5,4,0.8,4.35,21.74
accrue,1,1,1.0,4.35,4.35
demanding,1,1,1.0,4.34,4.34
fortuitous,5,5,1.0,4.33,21.64
circumspect,3,3,1.0,4.32,12.95
leaven,4,4,1.0,4.32,17.26
prerequisite,4,4,1.0,4.32,17.29
aver,8,7,0.88,4.31,34.51
tortuous,2,2,1.0,4.31,8.629999999999999
vivacious,1,1,1.0,4.31,4.31
befuddle,3,3,1.0,4.31,12.94
repudiate,4,3,0.75,4.29,17.16
prodigy,7,6,0.86,4.29,30.04000000000001
fallacious,8,7,0.88,4.28,34.26
paragon,9,8,0.89,4.27,38.40000000000001
accretion,2,2,1.0,4.27,8.54
emulate,1,1,1.0,4.27,4.27
tactless,3,3,1.0,4.27,12.8
agitated,4,4,1.0,4.26,17.04
insofar as,1,1,1.0,4.25,4.25
empiricism,2,2,1.0,4.24,8.48
resurrect,2,2,1.0,4.24,8.49
vilify,3,3,1.0,4.24,12.72
exemplify,3,3,1.0,4.24,12.71
disseminate,4,4,1.0,4.24,16.95
pay tribute to,2,2,1.0,4.24,8.48
moribund,3,3,1.0,4.23,12.69
calumnious,2,1,0.5,4.22,8.44
stint,11,8,0.73,4.22,46.459999999999994
counterproductive,12,9,0.75,4.22,50.690000000000005
intimidate,1,1,1.0,4.21,4.21
fallacy,5,5,1.0,4.2,21.0
divert,1,1,1.0,4.2,4.2
chronological,1,1,1.0,4.2,4.2
forgo,2,2,1.0,4.2,8.4
voluble,3,3,1.0,4.19,12.56
anachronistic,3,3,1.0,4.19,12.580000000000002
brandish,11,9,0.82,4.18,45.96
nebulous,7,6,0.86,4.18,29.25
herald,5,5,1.0,4.18,20.88
odoriferous,4,4,1.0,4.18,16.74
pretentious,3,3,1.0,4.17,12.5
derivative,4,4,1.0,4.17,16.68
derogatory,4,4,1.0,4.16,16.62
proclaim,2,2,1.0,4.16,8.31
factual,4,4,1.0,4.16,16.62
elevate,2,2,1.0,4.16,8.33
neutral,3,3,1.0,4.16,12.49
manifest,1,1,1.0,4.16,4.16
transparent,4,4,1.0,4.16,16.65
valediction,3,3,1.0,4.15,12.46
susceptible,1,1,1.0,4.15,4.15
impotence,3,3,1.0,4.15,12.46
lucid,3,3,1.0,4.14,12.43
conflate,2,2,1.0,4.14,8.29
forbidding,3,3,1.0,4.13,12.39
paucity,2,2,1.0,4.13,8.26
ascendancy,4,4,1.0,4.12,16.5
latent,2,2,1.0,4.12,8.25
chimera,3,3,1.0,4.12,12.37
apostasy,3,3,1.0,4.11,12.32
mortify,1,1,1.0,4.11,4.11
apathetic,9,8,0.89,4.1,36.89
interrogate,2,2,1.0,4.1,8.19
abashed,2,2,1.0,4.1,8.19
acrimony,2,2,1.0,4.1,8.19
archaic,11,9,0.82,4.09,45.01000000000001
exotic,7,6,0.86,4.09,28.63
ameliorate,2,2,1.0,4.09,8.18
redeem,1,1,1.0,4.09,4.09
caricature,12,11,0.92,4.07,48.79
dolorous,5,5,1.0,4.07,20.34
amend,3,3,1.0,4.06,12.19
recondite,5,4,0.8,4.05,20.24
unalloyed,6,5,0.83,4.05,24.28
confide,1,1,1.0,4.05,4.05
concede,3,3,1.0,4.05,12.16
protract,11,10,0.91,4.04,44.44000000000001
approbation,8,8,1.0,4.04,32.29
indebted,11,8,0.73,4.03,44.37
photosensitive,11,10,0.91,4.02,44.27000000000001
deleterious,3,3,1.0,4.02,12.07
clear-cut,6,6,1.0,4.02,24.12
antiquated,2,2,1.0,4.01,8.03
assemble,1,1,1.0,4.01,4.01
caviling,10,9,0.9,4.0,39.99
intelligible,2,2,1.0,4.0,8.0
surreptitious,4,4,1.0,4.0,15.99
bespeak,6,5,0.83,3.99,23.97
flaunt,1,1,1.0,3.99,3.99
abdicate,4,4,1.0,3.98,15.91
virulence,2,2,1.0,3.98,7.950000000000001
audacious,3,3,1.0,3.98,11.95
euphoria,3,3,1.0,3.97,11.91
philanthropic,1,1,1.0,3.97,3.97
discomfit,5,5,1.0,3.96,19.8
suspend,1,1,1.0,3.96,3.96
ingenious,1,1,1.0,3.96,3.96
vindictive,3,3,1.0,3.95,11.84
eccentric,1,1,1.0,3.93,3.93
unmistakable,1,1,1.0,3.92,3.92
deference,2,2,1.0,3.92,7.83
simultaneous,4,4,1.0,3.92,15.68
rail at,13,11,0.85,3.91,50.87
detached,2,2,1.0,3.91,7.82
artifice,1,1,1.0,3.91,3.91
primal,2,2,1.0,3.9,7.79
spurn,3,3,1.0,3.9,11.71
liability,5,5,1.0,3.9,19.48
sate,5,5,1.0,3.9,19.520000000000003
orthodox,4,4,1.0,3.89,15.56
hallmark,5,5,1.0,3.89,19.44
pompous,1,1,1.0,3.89,3.89
purify,6,5,0.83,3.88,23.26
overt,3,3,1.0,3.88,11.63
malign,5,5,1.0,3.88,19.4
conservative,3,3,1.0,3.88,11.65
communal,2,2,1.0,3.88,7.75
assent,10,9,0.9,3.87,38.74
constant,4,4,1.0,3.87,15.47
dictate,5,5,1.0,3.87,19.33
bristle,3,3,1.0,3.87,11.6
somatic,1,1,1.0,3.86,3.86
inexplicable,4,4,1.0,3.86,15.46
informative,3,3,1.0,3.86,11.590000000000002
hilarious,1,1,1.0,3.86,3.86
defy,4,4,1.0,3.85,15.41
encyclopedic,1,1,1.0,3.85,3.85
backwater,1,1,1.0,3.85,3.85
innate,1,1,1.0,3.85,3.85
duplicate,1,1,1.0,3.85,3.85
oscillate,4,4,1.0,3.85,15.41
amnesty,4,4,1.0,3.85,15.39
free-for-all,9,8,0.89,3.84,34.529999999999994
cook up,2,2,1.0,3.84,7.6800000000000015
fanfare,3,3,1.0,3.84,11.52
lay out,1,1,1.0,3.84,3.84
enamored,1,1,1.0,3.82,3.82
be subject to,3,3,1.0,3.82,11.46
supercilious,15,14,0.93,3.81,57.18999999999999
temperate,1,1,1.0,3.81,3.81
prickly,7,6,0.86,3.8,26.61
proprietary,2,2,1.0,3.8,7.59
transitory,3,3,1.0,3.8,11.39
partisanship,4,4,1.0,3.8,15.22
belabor,9,8,0.89,3.79,34.13
constrain,2,2,1.0,3.79,7.58
evince,6,4,0.67,3.78,22.65
innocence,4,4,1.0,3.78,15.13
incongruous,5,5,1.0,3.78,18.89
dire,2,2,1.0,3.78,7.56
obviate,4,4,1.0,3.76,15.03
bogus,3,3,1.0,3.76,11.27
manipulate,1,1,1.0,3.76,3.76
dispensable,2,2,1.0,3.76,7.5299999999999985
transcribe,2,2,1.0,3.76,7.52
brazen,7,5,0.71,3.74,26.15
reflective,13,12,0.92,3.74,48.61
evasive,6,6,1.0,3.74,22.44
collude,3,3,1.0,3.74,11.23
amity,4,4,1.0,3.74,14.96
sublime,7,5,0.71,3.73,26.14
instigate,1,1,1.0,3.73,3.73
outmoded,1,1,1.0,3.73,3.73
apposite,2,2,1.0,3.73,7.46
notwithstanding,4,4,1.0,3.72,14.87
demotic,3,3,1.0,3.72,11.16
elegy,3,3,1.0,3.72,11.17
conversant,2,2,1.0,3.72,7.43
ravenous,1,1,1.0,3.71,3.71
disillusioned,2,2,1.0,3.71,7.42
quiescent,1,1,1.0,3.71,3.71
undeterred,2,2,1.0,3.7,7.4
rapacious,1,1,1.0,3.7,3.7
badger,3,3,1.0,3.7,11.1
permeate,8,7,0.88,3.69,29.55
contentious,1,1,1.0,3.69,3.69
compunction,3,3,1.0,3.68,11.05
impetus,2,2,1.0,3.67,7.34
revert,1,1,1.0,3.67,3.67
equivocal,3,3,1.0,3.67,11.0
shrewd,3,3,1.0,3.66,10.99
n. 傳令官,4,4,1.0,3.65,14.59
contingent,7,7,1.0,3.65,25.57
mania,1,1,1.0,3.65,3.65
quell,2,2,1.0,3.64,7.29
feign,4,4,1.0,3.64,14.57
convergent,2,2,1.0,3.64,7.29
ambidextrous,2,2,1.0,3.64,7.27
precocious,1,1,1.0,3.63,3.63
astronomical,5,5,1.0,3.63,18.16
oration,2,2,1.0,3.62,7.25
covert,5,5,1.0,3.62,18.1
disinterested,8,8,1.0,3.62,28.94
disinterested,8,8,1.0,3.62,28.94
accolade,3,2,0.67,3.61,10.82
diminutive,4,4,1.0,3.61,14.45
replicate,3,3,1.0,3.61,10.83
insatiable,2,2,1.0,3.61,7.210000000000001
bashful,4,3,0.75,3.6,14.400000000000002
quarrel,3,3,1.0,3.6,10.79
abstrue,3,3,1.0,3.6,10.8
speculative,4,4,1.0,3.6,14.39
allusive,3,3,1.0,3.6,10.79
capacious,8,7,0.88,3.59,28.69
consensus,3,3,1.0,3.59,10.760000000000002
harbor,8,8,1.0,3.58,28.6
conviction,1,1,1.0,3.58,3.58
reticent,2,2,1.0,3.58,7.15
discrete,2,2,1.0,3.57,7.1400000000000015
noxious,1,1,1.0,3.57,3.57
blemish,3,3,1.0,3.57,10.71
dissident,2,2,1.0,3.56,7.13
eclectic,2,2,1.0,3.55,7.1099999999999985
lavish,3,3,1.0,3.55,10.64
dogmatism,1,1,1.0,3.55,3.55
chanty,6,5,0.83,3.54,21.27
promulgate,7,6,0.86,3.54,24.75
insidious,10,9,0.9,3.54,35.35000000000001
reprimand,3,3,1.0,3.54,10.62
conform,2,2,1.0,3.54,7.07
circumstantial,1,1,1.0,3.54,3.54
humble,4,4,1.0,3.53,14.13
adept,2,2,1.0,3.53,7.0600000000000005
adept,2,2,1.0,3.53,7.0600000000000005
tenacious,3,3,1.0,3.53,10.58
absorbing,1,1,1.0,3.53,3.53
tractable,6,6,1.0,3.53,21.2
querulous,3,3,1.0,3.52,10.57
counterfeit,2,2,1.0,3.52,7.03
agile,5,5,1.0,3.52,17.62
bucolic,4,4,1.0,3.52,14.07
lucrative,3,3,1.0,3.52,10.57
plaintive,3,3,1.0,3.51,10.52
polemical,3,3,1.0,3.51,10.52
denounce,1,1,1.0,3.51,3.51
incinerate,5,5,1.0,3.51,17.54
placate,4,4,1.0,3.5,14.01
cajole,2,2,1.0,3.5,7.0
conclusive,3,3,1.0,3.5,10.5
scruple,3,3,1.0,3.5,10.499999999999998
abstemious,2,2,1.0,3.49,6.98
anecdote,2,2,1.0,3.48,6.960000000000001
diffident,1,1,1.0,3.47,3.47
salubrious,1,1,1.0,3.47,3.47
beget,8,7,0.88,3.46,27.66000000000001
fanciful,4,4,1.0,3.46,13.85
capricious,4,4,1.0,3.46,13.86
apologist,1,1,1.0,3.46,3.46
docile,4,4,1.0,3.46,13.86
sift,11,10,0.91,3.45,38.0
conjecture,1,1,1.0,3.45,3.45
successively,1,1,1.0,3.45,3.45
stifle,2,2,1.0,3.45,6.8900000000000015
substantiate,6,6,1.0,3.45,20.7
substantiate,6,6,1.0,3.45,20.7
indignant,1,1,1.0,3.44,3.44
conspicuous,2,2,1.0,3.44,6.88
cavalier,1,1,1.0,3.44,3.44
notoriety,5,5,1.0,3.44,17.18
priority,1,1,1.0,3.43,3.43
static,2,2,1.0,3.43,6.869999999999999
symmetry,13,12,0.92,3.42,44.41
forfeit,1,1,1.0,3.42,3.42
tribute,1,1,1.0,3.42,3.42
accentuate,2,2,1.0,3.42,6.83
novelty,2,2,1.0,3.41,6.82
heterodox,3,3,1.0,3.4,10.21
coalition,4,4,1.0,3.4,13.62
primacy,2,2,1.0,3.38,6.77
transgress,4,4,1.0,3.38,13.53
prerogative,2,2,1.0,3.38,6.77
legitimate,2,2,1.0,3.37,6.74
standstill,4,4,1.0,3.36,13.46
propel,2,2,1.0,3.36,6.7200000000000015
fastidious,6,6,1.0,3.35,20.09
dispense,3,3,1.0,3.35,10.06
quintessential,3,3,1.0,3.35,10.04
supplant,3,3,1.0,3.34,10.03
recalcitrant,1,1,1.0,3.34,3.34
ominous,2,2,1.0,3.34,6.69
mitigate,1,1,1.0,3.34,3.34
v. 使黯然失色,2,2,1.0,3.34,6.69
counterpart,2,2,1.0,3.34,6.69
stagnant,2,2,1.0,3.33,6.66
excrete,1,1,1.0,3.33,3.33
illuminate,2,2,1.0,3.33,6.66
verdict,3,3,1.0,3.32,9.96
vital,9,9,1.0,3.32,29.87
vital,9,9,1.0,3.32,29.87
obsolete,1,1,1.0,3.32,3.32
captious,1,1,1.0,3.32,3.32
assuage,1,1,1.0,3.32,3.32
auxiliary,1,1,1.0,3.32,3.32
eloquence,3,3,1.0,3.32,9.96
germane,4,4,1.0,3.31,13.23
vehement,5,5,1.0,3.31,16.54
civility,2,2,1.0,3.3,6.6000000000000005
fractious,1,1,1.0,3.3,3.3
undermine,2,2,1.0,3.3,6.609999999999999
robust,7,7,1.0,3.29,23.050000000000004
plastic,1,1,1.0,3.29,3.29
facade,2,2,1.0,3.28,6.57
zenith,1,1,1.0,3.27,3.27
confine,3,3,1.0,3.27,9.82
debut,2,2,1.0,3.26,6.529999999999999
denigrate,1,1,1.0,3.25,3.25
epitome,4,4,1.0,3.24,12.96
parody,3,3,1.0,3.24,9.73
deflated,4,4,1.0,3.24,12.97
knotty,4,3,0.75,3.23,12.92
unseemly,7,6,0.86,3.23,22.61000000000001
inert,14,13,0.93,3.23,45.26000000000001
infelicity,5,5,1.0,3.23,16.169999999999998
self-deprecating,3,3,1.0,3.23,9.69
reproof,2,2,1.0,3.23,6.46
nonchalant,2,2,1.0,3.22,6.45
bouyant,3,3,1.0,3.22,9.65
efface,4,4,1.0,3.22,12.87
hitherto,1,1,1.0,3.22,3.22
braggart,2,2,1.0,3.22,6.43
allegiance,1,1,1.0,3.21,3.21
meager,2,2,1.0,3.21,6.42
attenuate,4,4,1.0,3.2,12.8
nepotism,3,3,1.0,3.2,9.6
divergent,3,3,1.0,3.2,9.6
disruptive,3,3,1.0,3.19,9.58
dichotomy,3,3,1.0,3.19,9.58
assure,2,2,1.0,3.18,6.359999999999999
figurative,1,1,1.0,3.18,3.18
hydrate,6,6,1.0,3.17,19.0
loquacious,2,2,1.0,3.16,6.32
rigid,5,5,1.0,3.16,15.82
haunt,1,1,1.0,3.16,3.16
suffrage,5,5,1.0,3.16,15.79
misconstrue,3,3,1.0,3.15,9.44
routine,2,2,1.0,3.15,6.3000000000000025
sonorous,1,1,1.0,3.15,3.15
haughty,3,3,1.0,3.15,9.45
censor,5,4,0.8,3.14,15.72
rebellious,4,4,1.0,3.14,12.57
adaptive,2,2,1.0,3.14,6.29
inquisitive,7,7,1.0,3.14,21.98
phobia,4,4,1.0,3.14,12.55
predominant,1,1,1.0,3.13,3.13
plausible,3,3,1.0,3.12,9.36
incendiary,7,7,1.0,3.12,21.85
clairvoyance,2,2,1.0,3.12,6.24
contemplate,2,2,1.0,3.12,6.24
integrity,2,2,1.0,3.11,6.22
sleazy,9,8,0.89,3.1,27.93
mundane,2,2,1.0,3.1,6.19
nadir,9,8,0.89,3.09,27.82
contravene,4,4,1.0,3.08,12.32
imbibe,1,1,1.0,3.08,3.08
cryptic,2,2,1.0,3.08,6.15
immune,5,5,1.0,3.07,15.349999999999998
pertinent,3,3,1.0,3.07,9.2
ungainly,1,1,1.0,3.07,3.07
belligerent,3,3,1.0,3.07,9.2
upend,3,3,1.0,3.06,9.179999999999998
trifling,2,2,1.0,3.06,6.13
decimate,2,2,1.0,3.06,6.109999999999999
autocracy,1,1,1.0,3.05,3.05
imminent,2,2,1.0,3.05,6.1
improvise,2,2,1.0,3.05,6.1
rattle,8,7,0.88,3.04,24.28
gratify,6,6,1.0,3.04,18.26
dispassionate,1,1,1.0,3.04,3.04
rhetoric,4,4,1.0,3.04,12.16
deplete,3,3,1.0,3.04,9.12
axiomatic,3,3,1.0,3.03,9.08
mercenary,4,4,1.0,3.03,12.13
iconoclastic,3,3,1.0,3.03,9.09
retract,2,2,1.0,3.02,6.04
scrutinize,5,5,1.0,3.02,15.080000000000002
beguile,4,4,1.0,3.02,12.080000000000002
encomium,4,4,1.0,3.01,12.03
deviate,4,4,1.0,3.01,12.04
immense,6,6,1.0,3.0,18.02
impartial,1,1,1.0,3.0,3.0
juxtapose,2,2,1.0,2.99,5.9700000000000015
loath,2,2,1.0,2.99,5.98
calamity,2,2,1.0,2.99,5.9700000000000015
perimeter,3,3,1.0,2.98,8.93
inflate,2,2,1.0,2.98,5.96
provincial,1,1,1.0,2.97,2.97
seductive,4,4,1.0,2.97,11.89
enmity,2,2,1.0,2.97,5.94
lethargic,1,1,1.0,2.96,2.96
banal,2,2,1.0,2.96,5.93
impugn,4,4,1.0,2.96,11.830000000000002
bypass,2,2,1.0,2.96,5.91
equivalent,1,1,1.0,2.96,2.96
sarcastic,1,1,1.0,2.96,2.96
fine-tune,3,3,1.0,2.96,8.879999999999997
revile,4,4,1.0,2.96,11.85
fecund,2,2,1.0,2.95,5.8900000000000015
extemporize,5,5,1.0,2.94,14.69
tact,4,4,1.0,2.94,11.77
fickle,2,2,1.0,2.92,5.85
laudatory,2,2,1.0,2.92,5.84
manifesto,2,2,1.0,2.92,5.84
old-timer,4,3,0.75,2.9,11.61
increment,5,4,0.8,2.9,14.490000000000002
feckless,3,3,1.0,2.9,8.709999999999997
protean,1,1,1.0,2.9,2.9
hearten,1,1,1.0,2.9,2.9
coherent,2,2,1.0,2.9,5.8100000000000005
ramification,2,2,1.0,2.9,5.81
eschew,5,5,1.0,2.9,14.52
deviant,2,2,1.0,2.9,5.79
primitive,3,3,1.0,2.89,8.68
vociferous,1,1,1.0,2.89,2.89
pedestrian,1,1,1.0,2.89,2.89
monolog,3,3,1.0,2.89,8.67
exorcise,2,2,1.0,2.88,5.75
unprecedented,5,5,1.0,2.88,14.41
adulation,1,1,1.0,2.88,2.88
conundrum,6,6,1.0,2.88,17.27
pressing,3,3,1.0,2.88,8.64
proliferate,1,1,1.0,2.87,2.87
banish,2,2,1.0,2.87,5.74
clandestine,1,1,1.0,2.87,2.87
elude,2,2,1.0,2.86,5.71
quirky,3,3,1.0,2.86,8.58
remorse,2,2,1.0,2.86,5.72
torment,8,7,0.88,2.85,22.83
fixate,1,1,1.0,2.85,2.85
salutary,3,3,1.0,2.85,8.56
blunder,1,1,1.0,2.85,2.85
discontinuity,5,5,1.0,2.85,14.23
pellucid,2,2,1.0,2.84,5.68
vulgar,2,2,1.0,2.84,5.68
entice,1,1,1.0,2.84,2.84
abstain,1,1,1.0,2.83,2.83
jettison,1,1,1.0,2.83,2.83
caterwaul,1,1,1.0,2.83,2.83
neophyte,5,5,1.0,2.82,14.11
unanimous,4,4,1.0,2.82,11.3
chic,1,1,1.0,2.82,2.82
tremulous,1,1,1.0,2.82,2.82
belie,2,2,1.0,2.82,5.6400000000000015
indolent,1,1,1.0,2.82,2.82
errand,3,3,1.0,2.81,8.43
v. 使有趣活潑,1,1,1.0,2.81,2.81
self-effacing,1,1,1.0,2.81,2.81
repress,2,2,1.0,2.81,5.62
impalpable,2,2,1.0,2.81,5.619999999999999
ponderous,3,3,1.0,2.8,8.39
avow,2,2,1.0,2.8,5.61
aberrant,3,3,1.0,2.8,8.4
novice,2,2,1.0,2.8,5.6
variability,2,2,1.0,2.8,5.6
affluent,4,4,1.0,2.8,11.2
heed,4,4,1.0,2.8,11.18
vapid,3,3,1.0,2.79,8.37
momentous,2,2,1.0,2.79,5.58
monotonous,3,3,1.0,2.79,8.37
exude,4,4,1.0,2.79,11.15
chastise,2,2,1.0,2.78,5.5600000000000005
doleful,3,3,1.0,2.78,8.34
complacent,3,3,1.0,2.78,8.35
incubate,6,6,1.0,2.77,16.61
impassive,1,1,1.0,2.77,2.77
surrogate,6,6,1.0,2.77,16.62
enervate,1,1,1.0,2.77,2.77
fervent,3,3,1.0,2.77,8.3
anthropogenic,3,3,1.0,2.77,8.32
bland,10,9,0.9,2.76,27.6
censure,3,3,1.0,2.76,8.29
flamboyant,2,2,1.0,2.76,5.53
minuscule,1,1,1.0,2.76,2.76
altruism,1,1,1.0,2.75,2.75
malady,1,1,1.0,2.75,2.75
approximate,4,4,1.0,2.75,11.01
petty,11,10,0.91,2.74,30.180000000000003
infelicitous,2,2,1.0,2.74,5.47
seclude,2,2,1.0,2.74,5.47
annotate,1,1,1.0,2.74,2.74
reversible,2,2,1.0,2.74,5.49
estrange,1,1,1.0,2.74,2.74
veritable,2,2,1.0,2.73,5.46
exuberant,3,3,1.0,2.73,8.2
euphemism,3,3,1.0,2.72,8.17
platitude,1,1,1.0,2.72,2.72
chivalrous,2,2,1.0,2.72,5.4499999999999975
avid,2,2,1.0,2.72,5.43
precede,2,2,1.0,2.72,5.44
culprit,3,3,1.0,2.72,8.16
envision,3,3,1.0,2.72,8.17
infeasible,1,1,1.0,2.72,2.72
galvanize,1,1,1.0,2.72,2.72
congruent,10,10,1.0,2.71,27.079999999999995
decorous,2,2,1.0,2.71,5.42
spontaneous,3,3,1.0,2.71,8.14
objective,3,3,1.0,2.71,8.120000000000001
judicious,4,4,1.0,2.7,10.81
transcendent,5,5,1.0,2.7,13.49
zealous,2,2,1.0,2.7,5.4
intransigent,5,5,1.0,2.69,13.44
vigilant,1,1,1.0,2.69,2.69
disdain,1,1,1.0,2.69,2.69
grandiose,4,4,1.0,2.69,10.760000000000002
supersede,3,3,1.0,2.69,8.07
implacable,1,1,1.0,2.68,2.68
disjunctive,2,2,1.0,2.68,5.35
crabby,2,2,1.0,2.68,5.36
inimical,2,2,1.0,2.68,5.3599999999999985
preface,2,2,1.0,2.68,5.37
hindsight,3,3,1.0,2.68,8.030000000000001
prodigal,6,6,1.0,2.67,16.04
prodigal,6,6,1.0,2.67,16.04
egocentric,1,1,1.0,2.67,2.67
discursive,4,4,1.0,2.67,10.67
exhaustive,4,4,1.0,2.66,10.64
acute,4,4,1.0,2.66,10.63
dilatory,3,3,1.0,2.66,7.99
murky,3,3,1.0,2.66,7.97
abate,11,10,0.91,2.65,29.18
abate,11,10,0.91,2.65,29.18
conspiracy,2,2,1.0,2.65,5.300000000000002
whimsical,6,6,1.0,2.65,15.9
whimsical,6,6,1.0,2.65,15.9
dissent,6,6,1.0,2.64,15.87
restive,2,2,1.0,2.64,5.289999999999999
placebo,1,1,1.0,2.64,2.64
neonate,3,3,1.0,2.63,7.9
indiscriminate,1,1,1.0,2.63,2.63
affirm,2,2,1.0,2.62,5.25
condescending,9,9,1.0,2.62,23.61
humility,3,3,1.0,2.62,7.87
superlative,2,2,1.0,2.62,5.24
honorific,1,1,1.0,2.62,2.62
piety,4,4,1.0,2.6,10.39
relish,6,5,0.83,2.59,15.52
inattentive,4,4,1.0,2.59,10.35
chagrin,4,4,1.0,2.59,10.35
discretion,2,2,1.0,2.58,5.15
eclipse,4,4,1.0,2.58,10.310000000000002
dissonant,3,3,1.0,2.57,7.699999999999997
circumscribe,4,4,1.0,2.57,10.27
rapprochement,4,4,1.0,2.57,10.27
evade,3,3,1.0,2.57,7.699999999999997
deduce,2,2,1.0,2.56,5.12
tranquil,3,3,1.0,2.56,7.689999999999999
reconcile,3,3,1.0,2.55,7.65
lugubrious,3,3,1.0,2.55,7.6400000000000015
conformity,6,6,1.0,2.55,15.29
vindicate,2,2,1.0,2.55,5.109999999999999
malodorous,2,2,1.0,2.55,5.1
agrarian,4,4,1.0,2.55,10.21
admonish,1,1,1.0,2.55,2.55
daunting,5,5,1.0,2.54,12.720000000000002
devoid,1,1,1.0,2.54,2.54
equanimity,1,1,1.0,2.54,2.54
laconic,1,1,1.0,2.54,2.54
trivial,3,3,1.0,2.53,7.59
mandatory,4,4,1.0,2.52,10.06
concur,4,4,1.0,2.52,10.09
intrigue,1,1,1.0,2.51,2.51
motley,3,3,1.0,2.51,7.54
banter,4,4,1.0,2.51,10.03
itinerant,2,2,1.0,2.5,5.0
foment,5,5,1.0,2.5,12.52
obstinate,4,4,1.0,2.5,10.0
exacerbate,2,2,1.0,2.5,4.99
precipitate,1,1,1.0,2.5,2.5
resurge,2,2,1.0,2.5,5.01
subordinate,2,2,1.0,2.5,5.01
acuity,4,4,1.0,2.49,9.97
ornate,4,4,1.0,2.49,9.96
opulent,3,3,1.0,2.49,7.479999999999999
equilibrium,2,2,1.0,2.49,4.98
analogous,3,3,1.0,2.49,7.46
embellish,5,5,1.0,2.49,12.44
embellish,5,5,1.0,2.49,12.44
plenitude,3,3,1.0,2.48,7.45
adj. 世界性的、全球的,3,3,1.0,2.48,7.43
rebuff,4,4,1.0,2.48,9.9
normative,2,2,1.0,2.47,4.949999999999998
treacherous,4,4,1.0,2.46,9.85
copious,1,1,1.0,2.46,2.46
harbinger,4,4,1.0,2.45,9.81
discern,5,5,1.0,2.45,12.239999999999998
deploy,4,4,1.0,2.44,9.78
apropos,1,1,1.0,2.44,2.44
wary,2,2,1.0,2.44,4.87
wary,2,2,1.0,2.44,4.87
emend,1,1,1.0,2.44,2.44
menace,4,4,1.0,2.44,9.76
congenial,3,3,1.0,2.43,7.2799999999999985
condemn,2,2,1.0,2.43,4.86
curtail,1,1,1.0,2.43,2.43
impede,1,1,1.0,2.43,2.43
n. 意外事故、偶然事件,3,3,1.0,2.43,7.2799999999999985
verisimilitude,2,2,1.0,2.42,4.84
intrepid,1,1,1.0,2.42,2.42
ubiquitous,2,2,1.0,2.42,4.84
ferocity,2,2,1.0,2.42,4.84
spare,2,2,1.0,2.41,4.82
cosmopolitan,3,3,1.0,2.41,7.24
stilted,1,1,1.0,2.41,2.41
harangue,2,2,1.0,2.41,4.8100000000000005
cynical,3,3,1.0,2.41,7.24
acerbic,1,1,1.0,2.41,2.41
dabble,2,2,1.0,2.4,4.79
impassioned,2,2,1.0,2.4,4.79
refute,1,1,1.0,2.39,2.39
posit,2,2,1.0,2.39,4.78
consistent,1,1,1.0,2.39,2.39
austere,1,1,1.0,2.38,2.38
lopsided,3,3,1.0,2.38,7.1400000000000015
genre,2,2,1.0,2.38,4.77
compendium,3,3,1.0,2.38,7.1400000000000015
sound,11,9,0.82,2.37,26.08
verbose,2,2,1.0,2.37,4.74
boon,9,8,0.89,2.36,21.21
desperate,3,3,1.0,2.36,7.09
avert,5,5,1.0,2.36,11.8
thwart,1,1,1.0,2.36,2.36
jubilation,4,4,1.0,2.36,9.44
abeyance,2,2,1.0,2.36,4.71
adroit,1,1,1.0,2.35,2.35
punctilious,1,1,1.0,2.35,2.35
mediate,4,4,1.0,2.35,9.41
obnoxious,4,4,1.0,2.35,9.41
lackluster,3,3,1.0,2.35,7.05
abreast,2,2,1.0,2.35,4.69
alienation,2,2,1.0,2.34,4.67
adolescent,3,3,1.0,2.33,7.0
demography,2,2,1.0,2.33,4.65
ingratiating,3,3,1.0,2.33,7.0
taciturn,1,1,1.0,2.33,2.33
affliction,1,1,1.0,2.33,2.33
sanguine,1,1,1.0,2.33,2.33
fancy,2,2,1.0,2.33,4.66
animus,1,1,1.0,2.32,2.32
dubious,1,1,1.0,2.32,2.32
unctuous,3,3,1.0,2.31,6.920000000000001
pertain,4,4,1.0,2.31,9.22
casualty,2,2,1.0,2.31,4.62
irascible,2,2,1.0,2.3,4.6
levity,5,5,1.0,2.3,11.500000000000002
satiate,3,3,1.0,2.3,6.9
homogeneous,1,1,1.0,2.29,2.29
notch,5,5,1.0,2.29,11.44
rife,1,1,1.0,2.29,2.29
rebuke,2,2,1.0,2.28,4.55
prevalent,2,2,1.0,2.27,4.54
propriety,1,1,1.0,2.27,2.27
opaque,1,1,1.0,2.26,2.26
relinquish,2,2,1.0,2.26,4.51
laughable,3,3,1.0,2.26,6.7799999999999985
abridge,3,3,1.0,2.25,6.74
deterioration,1,1,1.0,2.25,2.25
decry,5,5,1.0,2.24,11.18
ad hoc,1,1,1.0,2.24,2.24
escalate,3,3,1.0,2.24,6.7200000000000015
allure,3,3,1.0,2.24,6.73
oust,4,4,1.0,2.24,8.95
preclude,8,8,1.0,2.23,17.86
productive,1,1,1.0,2.23,2.23
enterprising,1,1,1.0,2.23,2.23
refutable,4,4,1.0,2.22,8.87
vacillate,3,3,1.0,2.22,6.67
emulsify,2,2,1.0,2.22,4.43
astute,1,1,1.0,2.22,2.22
potent,3,3,1.0,2.2,6.59
commend,2,2,1.0,2.2,4.4
gloat,2,2,1.0,2.2,4.41
capitulate,3,3,1.0,2.19,6.56
recede,3,3,1.0,2.18,6.529999999999999
impel,3,3,1.0,2.18,6.54
supplement,2,2,1.0,2.18,4.36
tenable,5,5,1.0,2.18,10.919999999999998
hubris,3,3,1.0,2.17,6.51
bombastic,4,4,1.0,2.17,8.7
excoriate,1,1,1.0,2.16,2.16
exculpate,3,3,1.0,2.16,6.4700000000000015
vitiate,4,4,1.0,2.15,8.6
resent,2,2,1.0,2.15,4.3
acquiescence,1,1,1.0,2.14,2.14
wane,3,3,1.0,2.13,6.4
wane,3,3,1.0,2.13,6.4
mire,2,2,1.0,2.13,4.27
abscond,2,2,1.0,2.13,4.27
nullify,4,4,1.0,2.13,8.54
corroborate,3,3,1.0,2.13,6.4
distortion,6,6,1.0,2.13,12.77
impecunious,1,1,1.0,2.12,2.12
peevish,1,1,1.0,2.12,2.12
aggrandize,2,2,1.0,2.12,4.25
virtue,1,1,1.0,2.12,2.12
prospect,1,1,1.0,2.11,2.11
panacea,3,3,1.0,2.11,6.33
plethora,1,1,1.0,2.11,2.11
alacrity,2,2,1.0,2.1,4.19
impart,1,1,1.0,2.1,2.1
woo,3,3,1.0,2.1,6.3
hortatory,5,5,1.0,2.09,10.46
exigent,3,3,1.0,2.09,6.270000000000001
repulse,1,1,1.0,2.09,2.09
shrug,3,3,1.0,2.09,6.27
salient,2,2,1.0,2.09,4.18
phony,3,3,1.0,2.08,6.25
dampen,3,3,1.0,2.08,6.23
frivolous,1,1,1.0,2.08,2.08
immutable,6,6,1.0,2.07,12.44
abrasive,5,5,1.0,2.07,10.37
boorish,4,4,1.0,2.07,8.28
cursory,1,1,1.0,2.06,2.06
auspicious,1,1,1.0,2.05,2.05
maverick,1,1,1.0,2.05,2.05
adhere,3,3,1.0,2.05,6.16
dense,2,2,1.0,2.04,4.08
restrain,1,1,1.0,2.04,2.04
sparse,2,2,1.0,2.04,4.07
candor,3,3,1.0,2.04,6.130000000000001
impeccable,1,1,1.0,2.03,2.03
pecuniary,1,1,1.0,2.02,2.02
nostalgia,1,1,1.0,2.02,2.02
pitfall,3,3,1.0,2.01,6.03
stoicism,5,5,1.0,2.01,10.06
coddle,2,2,1.0,2.01,4.02
nascent,3,3,1.0,2.0,6.0
inept,1,1,1.0,2.0,2.0
profound,1,1,1.0,1.99,1.99
assail,1,1,1.0,1.99,1.99
testimony,4,4,1.0,1.98,7.91
fluctuate,1,1,1.0,1.98,1.98
refractory,2,2,1.0,1.98,3.97
misanthrope,3,3,1.0,1.98,5.94
barren,3,3,1.0,1.97,5.92
proclivity,4,4,1.0,1.97,7.899999999999999
futile,2,2,1.0,1.97,3.94
languish,1,1,1.0,1.97,1.97
fugitive,2,2,1.0,1.96,3.92
protend,6,6,1.0,1.95,11.72
bravado,1,1,1.0,1.95,1.95
demeanor,2,2,1.0,1.94,3.88
rigor,4,4,1.0,1.94,7.77
appeal,1,1,1.0,1.94,1.94
endorse,6,6,1.0,1.93,11.61
turbid,1,1,1.0,1.93,1.93
edify,1,1,1.0,1.93,1.93
rejuvenate,3,3,1.0,1.92,5.77
devour,3,3,1.0,1.92,5.77
inconsequential,1,1,1.0,1.92,1.92
negate,3,3,1.0,1.91,5.7200000000000015
amorphous,2,2,1.0,1.91,3.82
sycophant,1,1,1.0,1.91,1.91
dormant,3,3,1.0,1.91,5.73
layperson,4,4,1.0,1.9,7.59
frugal,1,1,1.0,1.89,1.89
comprehensive,1,1,1.0,1.89,1.89
fixation,4,4,1.0,1.88,7.51
ingrain,1,1,1.0,1.86,1.86
coincide,5,5,1.0,1.86,9.31
solitary,1,1,1.0,1.85,1.85
flout,4,4,1.0,1.84,7.38
glean,2,2,1.0,1.84,3.67
shun,2,2,1.0,1.84,3.68
debunk,8,8,1.0,1.83,14.65
sordid,2,2,1.0,1.83,3.66
prose,2,2,1.0,1.83,3.66
shackle,5,5,1.0,1.83,9.15
downplay,2,2,1.0,1.82,3.63
pragmatic,3,3,1.0,1.82,5.47
perennial,1,1,1.0,1.82,1.82
succumb,2,2,1.0,1.82,3.65
assert,1,1,1.0,1.81,1.81
brook,3,3,1.0,1.81,5.44
categorical,3,3,1.0,1.8,5.4
dilemma,1,1,1.0,1.8,1.8
bellicose,2,2,1.0,1.79,3.58
tenuous,1,1,1.0,1.79,1.79
ridge,1,1,1.0,1.79,1.79
mordant,1,1,1.0,1.78,1.78
anoint,1,1,1.0,1.78,1.78
malfeasance,3,3,1.0,1.77,5.3
adversary,1,1,1.0,1.77,1.77
avarice,1,1,1.0,1.77,1.77
mar,4,4,1.0,1.76,7.06
patriot,1,1,1.0,1.76,1.76
insular,2,2,1.0,1.76,3.53
rancor,1,1,1.0,1.75,1.75
fleeting,3,3,1.0,1.74,5.23
tyranny,3,3,1.0,1.73,5.18
juvenile,1,1,1.0,1.73,1.73
trite,4,4,1.0,1.73,6.91
aversion,2,2,1.0,1.72,3.43
detest,2,2,1.0,1.72,3.4400000000000004
trepidation,2,2,1.0,1.72,3.45
stymie,2,2,1.0,1.71,3.42
strip,1,1,1.0,1.71,1.71
suppress,2,2,1.0,1.71,3.42
pensive,1,1,1.0,1.7,1.7
exacting,1,1,1.0,1.69,1.69
truculent,1,1,1.0,1.69,1.69
cronyism,3,3,1.0,1.69,5.08
pristine,2,2,1.0,1.68,3.35
hyperbole,3,3,1.0,1.68,5.04
nuance,2,2,1.0,1.68,3.3600000000000003
deficit,3,3,1.0,1.67,5.02
subside,3,3,1.0,1.66,4.99
lambaste,4,4,1.0,1.66,6.66
obdurate,1,1,1.0,1.65,1.65
paramount,1,1,1.0,1.65,1.65
concord,2,2,1.0,1.64,3.27
espouse,2,2,1.0,1.62,3.24
presage,2,2,1.0,1.61,3.22
puncture,1,1,1.0,1.59,1.59
amplify,1,1,1.0,1.57,1.57
beleaguer,1,1,1.0,1.57,1.57
at odds,2,2,1.0,1.56,3.12
depict,2,2,1.0,1.54,3.09
taxing,1,1,1.0,1.54,1.54
lurid,2,2,1.0,1.52,3.03
lament,2,2,1.0,1.52,3.03
preempt,1,1,1.0,1.51,1.51
jeopardize,2,2,1.0,1.45,2.9
elicit,1,1,1.0,1.45,1.45
mentor,1,1,1.0,1.44,1.44
remedy,1,1,1.0,1.43,1.43
spurious,1,1,1.0,1.33,1.33
elated,2,2,1.0,1.32,2.63
ponder,1,1,1.0,1.31,1.31
covet,1,1,1.0,1.27,1.27
idiosyncratic,0,0,,,0.0
opprobrium,0,0,,,0.0
schism,0,0,,,0.0
insipid,0,0,,,0.0
evanescent,0,0,,,0.0
embody,0,0,,,0.0
formidable,0,0,,,0.0
fidelity,0,0,,,0.0
pejorative,0,0,,,0.0
abet,0,0,,,0.0
dispel,0,0,,,0.0
riveting,0,0,,,0.0
albeit,0,0,,,0.0
cogent,0,0,,,0.0
rarified,0,0,,,0.0
substantial,0,0,,,0.0
universality,0,0,,,0.0
peregrinate,0,0,,,0.0
amiable,0,0,,,0.0
base,0,0,,,0.0
insouciance,0,0,,,0.0
effrontery,0,0,,,0.0
fulminate,0,0,,,0.0
effusive,0,0,,,0.0
infuse,0,0,,,0.0
malevolent,0,0,,,0.0
negligible,0,0,,,0.0
annihilate,0,0,,,0.0
v. 使服從、使列入下級,0,0,,,0.0
compliance,0,0,,,0.0
rectitude,0,0,,,0.0
sanctimonious,0,0,,,0.0
bisect,0,0,,,0.0
assimilate,0,0,,,0.0
stalwart,0,0,,,0.0
construe,0,0,,,0.0
countenance,0,0,,,0.0
gullible,0,0,,,0.0
cagey,0,0,,,0.0
inchoate,0,0,,,0.0
lethal,0,0,,,0.0
malleable,0,0,,,0.0
overbearing,0,0,,,0.0
rebut,0,0,,,0.0
stratification,0,0,,,0.0
temerity,0,0,,,0.0
pusillanimous,0,0,,,0.0
cordial,0,0,,,0.0
deduct,0,0,,,0.0
dilute,0,0,,,0.0
mollify,0,0,,,0.0
munificent,0,0,,,0.0
annex,0,0,,,0.0
pious,0,0,,,0.0
propaganda,0,0,,,0.0
regime,0,0,,,0.0
deride,0,0,,,0.0
despicable,0,0,,,0.0
ecstatic,0,0,,,0.0
meticulous,0,0,,,0.0
forestall,0,0,,,0.0
confound,0,0,,,0.0
enigma,0,0,,,0.0
imperturbable,0,0,,,0.0
vernacular,0,0,,,0.0
vigorous,0,0,,,0.0
commonplace,0,0,,,0.0
delimit,0,0,,,0.0
enfeeble,0,0,,,0.0
hodgepodge,0,0,,,0.0
modicum,0,0,,,0.0
retaliate,0,0,,,0.0
acumen,0,0,,,0.0
debase,0,0,,,0.0
benevolent,0,0,,,0.0
吸收，接受（思想，知識等）,0,0,,,0.0
callous,0,0,,,0.0
incense,0,0,,,0.0
predecessor,0,0,,,0.0
deceive,0,0,,,0.0
resuscitate,0,0,,,0.0
disinclination,0,0,,,0.0
hypocrite,0,0,,,0.0
hypocrisy,0,0,,,0.0
encumber,0,0,,,0.0
duplicity,0,0,,,0.0
doctrinaire,0,0,,,0.0
dogma,0,0,,,0.0
adduce,0,0,,,0.0
conducive,0,0,,,0.0
adequate,0,0,,,0.0
egalitarian,0,0,,,0.0
equate,0,0,,,0.0
facile,0,0,,,0.0
felicific,0,0,,,0.0
configuration,0,0,,,0.0
infinite,0,0,,,0.0
florid,0,0,,,0.0
fluid,0,0,,,0.0
founder,0,0,,,0.0
genesis,0,0,,,0.0
degenerate,0,0,,,0.0
engender,0,0,,,0.0
ingest,0,0,,,0.0
imitable,0,0,,,0.0
adjunct,0,0,,,0.0
unliterary,0,0,,,0.0
justify,0,0,,,0.0
laborious,0,0,,,0.0
alleviate,0,0,,,0.0
delineate,0,0,,,0.0
locus,0,0,,,0.0
elucidate,0,0,,,0.0
illusory,0,0,,,0.0
manuscript,0,0,,,0.0
plainly,0,0,,,0.0
derision,0,0,,,0.0
remission,0,0,,,0.0
morph,0,0,,,0.0
municipality,0,0,,,0.0
mutable,0,0,,,0.0
transmute,0,0,,,0.0
abnegate,0,0,,,0.0
hectic,0,0,,,0.0
intrinsic,0,0,,,0.0
jejune,0,0,,,0.0
invidious,0,0,,,0.0
staleness,0,0,,,0.0
hackneyed,0,0,,,0.0
pugnacious,0,0,,,0.0
cacophony,0,0,,,0.0
valiant,0,0,,,0.0
cosseted,0,0,,,0.0
intrude,0,0,,,0.0
qualify,0,0,,,0.0
hedge,0,0,,,0.0
disparage,0,0,,,0.0
parity,0,0,,,0.0
partial,0,0,,,0.0
particulate,0,0,,,0.0
partisan,0,0,,,0.0
impasse,0,0,,,0.0
penchant,0,0,,,0.0
contempt,0,0,,,0.0
flustered,0,0,,,0.0
retrograde,0,0,,,0.0
imposing,0,0,,,0.0
prescription,0,0,,,0.0
proscriptive,0,0,,,0.0
impudent,0,0,,,0.0
obtrusive,0,0,,,0.0
resemble,0,0,,,0.0
meander,0,0,,,0.0
unassuming,0,0,,,0.0
misapprehend,0,0,,,0.0
skinflint,0,0,,,0.0
complaisant,0,0,,,0.0
complementary,0,0,,,0.0
impolitic,0,0,,,0.0
unimpressed,0,0,,,0.0
reprove,0,0,,,0.0
propagate,0,0,,,0.0
pilferage,0,0,,,0.0
prosaic,0,0,,,0.0
proximity,0,0,,,0.0
compulsory,0,0,,,0.0
regimental,0,0,,,0.0
rigorous,0,0,,,0.0
choreographed,0,0,,,0.0
resourceful,0,0,,,0.0
intricate,0,0,,,0.0
dispose,0,0,,,0.0
disabuse,0,0,,,0.0
sagacious,0,0,,,0.0
subscribe,0,0,,,0.0
introspective,0,0,,,0.0
extant,0,0,,,0.0
catastrophe,0,0,,,0.0
abstentious,0,0,,,0.0
abstinent,0,0,,,0.0
tantalize,0,0,,,0.0
unmediated,0,0,,,0.0
flush,0,0,,,0.0
tedium,0,0,,,0.0
shattering,0,0,,,0.0
torpor,0,0,,,0.0
adj. 精緻的；昂貴的,0,0,,,0.0
acquittal,0,0,,,0.0
portentous,0,0,,,0.0
abuse,0,0,,,0.0
revise,0,0,,,0.0
amalgam,0,0,,,0.0
arduous,0,0,,,0.0
camouflage,0,0,,,0.0
debacle,0,0,,,0.0
derelict,0,0,,,0.0
descry,0,0,,,0.0
distill,0,0,,,0.0
doldrums,0,0,,,0.0
drollness,0,0,,,0.0
flair,0,0,,,0.0
heyday,0,0,,,0.0
interplay,0,0,,,0.0
overwrought,0,0,,,0.0
skulduggery,0,0,,,0.0
slur,0,0,,,0.0
naysayer,0,0,,,0.0
numinous,0,0,,,0.0
